Circle,244.5,0.5,-1.0,1.0,0,0,0,1
Circle,583.5,496.0,423.0,348.0,0,0,0,1
Circle,519.0,450.5,114.0,69.0,0,0,0,1
Circle,635.5,480.5,95.0,99.0,0,0,0,1
Circle,210.5,286.0,211.0,228.0,0,0,0,1
Circle,210.5,251.5,105.0,47.0,0,0,0,1
CompositeShape,421.5,141.0,163.0,156.0,0,0,0,1,2
Circle,421.5,141.0,163.0,156.0,0,0,0,1
Circle,421.5,117.39473684210526,81.11374407582935,32.15789473684208,0,0,0,1
end
CompositeShape,411.5,312.0,-81.0,90.0,0,0,0,1,2
Circle,411.5,312.0,-81.0,90.0,0,0,0,1
Circle,411.5,298.38157894736844,-40.30805687203792,18.5526315789474,0,0,0,1
end
CompositeShape,343.0,395.5,52.0,75.0,0,0,0,1,2
Circle,343.0,395.5,52.0,75.0,0,0,0,1
Circle,343.0,384.1513157894737,25.876777251184876,15.46052631578948,0,0,0,1
end
CompositeShape,229.5,455.0,-141.0,-64.0,0,0,0,1,2
Circle,229.5,455.0,-141.0,-64.0,0,0,0,1
Circle,229.5,464.6842105263158,-70.16587677725119,-13.192982456140385,0,0,0,1
end
CompositeShape,216.0,517.5,124.0,133.0,0,0,0,1,2
Circle,216.0,517.5,124.0,133.0,0,0,0,1
Circle,216.0,497.375,61.706161137440745,27.41666666666663,0,0,0,1
end
CompositeShape,658.0,215.0,178.0,182.0,0,0,0,1,2
Circle,658.0,215.0,178.0,182.0,0,0,0,1
Circle,658.0,187.46052631578948,88.57819905213273,37.517543859649095,0,0,0,1
end
CompositeShape,125.0,89.0,172.0,114.0,0,0,0,1,2
Circle,125.0,89.0,172.0,114.0,0,0,0,1
Circle,125.0,71.75,85.5924170616114,23.5,0,0,0,1
end
